Date,Shot,Time_Start,Time_End,Mean_Ratio,Mean_Bt_Axis,Mean_Bp_Max,Classification
251220,5,500,530,0.0948786928849158,0.0021125931837103,0.0258926565483186,FRC
251220,6,500,530,0.0665977987843187,0.00103783960381605,0.0259036651188202,FRC
251220,7,500,530,0.141020953617482,0.00370648580429406,0.0262891137623007,Spheromak
251220,8,500,530,0.128244555601558,0.00434167425504869,0.0264111844314035,Spheromak
251220,9,500,530,0.327421390104897,-0.00540066243673561,0.0274501367195076,Spheromak
251220,10,500,530,0.169133346673497,0.00425442997421869,0.02598170840093,Spheromak
251220,12,500,530,0.170928889423235,0.0050672830137059,0.0261481012461022,Spheromak
251220,13,500,530,0.138949908070532,0.00376961196048338,0.0255419732433642,Spheromak
251220,14,500,530,0.0809991792182704,0.00263352291826578,0.0269053159737044,FRC
251220,15,500,530,0.129667158227664,0.00388946875839404,0.0273219970301827,Spheromak
251220,16,500,530,0.144118865348765,-0.00303281863036828,0.02595684099658,Spheromak
251220,17,500,530,0.188244592632866,-0.000361648315504544,0.0270803045370093,Spheromak
251220,18,500,530,0.078498461180883,-0.000514207925311358,0.0273970931111566,FRC
251220,19,500,530,0.169203623822397,0.00495960732752092,0.0268152427774873,Spheromak
251220,20,500,530,0.169600155697964,0.00503220883323814,0.0268045507946645,Spheromak
251220,21,500,530,0.178139711674554,0.00576642332525924,0.0277163052406351,Spheromak
251220,22,500,530,0.269353768806528,0.00743779930375967,0.0271707447271684,Spheromak
251220,23,500,530,0.204540806873368,0.000986570233264627,0.0272590530762204,Spheromak
250206,2,490,510,0.384509007190436,0.0252103095443519,0.065461035666181,Spheromak
250206,3,490,510,0.487140963204658,0.0315829728717126,0.0655000550271995,Spheromak
250206,4,490,510,0.49144001754353,0.0326833757060296,0.0671792966956549,Spheromak
250206,5,490,510,0.521312880316779,0.0343883793213258,0.0664506470242021,Spheromak
250206,6,490,510,0.455173216262644,0.0290504256576396,0.0651724265797239,Spheromak
250206,7,490,510,0.490535042254686,0.0325365739771191,0.066775184017613,Spheromak
250206,8,490,510,0.346002882161171,0.0229119325746675,0.0670609121363852,Spheromak
250206,9,490,510,0.337472587608474,0.0223555759835029,0.0664018788212148,Spheromak
250206,10,490,510,0.352906658954397,0.0235187553175159,0.0669662773186534,Spheromak
250206,11,490,510,0.335308046393735,0.0223391616011075,0.0669693575393561,Spheromak
250206,12,490,510,0.454450430730776,0.029982921488334,0.066988495236204,Spheromak
250206,13,490,510,0.352751478340007,0.0232044326680241,0.066520561566044,Spheromak
250206,14,490,510,0.262521380053705,0.017620566088464,0.0674921195651721,Spheromak
250206,15,490,510,0.248807984715168,0.0166032130162986,0.0665847751375822,Spheromak
250206,16,490,510,0.241769044284495,0.0162188488588072,0.0676510324810829,Spheromak
250206,17,490,510,0.265723180223293,0.0173366773779695,0.0661538428449594,Spheromak
250206,18,490,510,0.272486271244296,0.0179742919077554,0.0665634864341666,Spheromak
250206,19,490,510,0.276813814630343,0.0177421676625032,0.0658897868006952,Spheromak
250206,20,490,510,0.155547337356412,0.0101598611683717,0.0655471548400188,Spheromak
250206,21,490,510,0.174174806517702,0.0114200294153382,0.0664982176525428,Spheromak
250206,22,490,510,0.128267597775862,0.00855068139064102,0.0667028274607833,Spheromak
250206,23,490,510,0.162474246088035,0.0106477024220909,0.0666479784211927,Spheromak
241225,9,500,530,0.316724607549301,0.0183364585821256,0.0558023651296947,Spheromak
241225,10,500,530,0.313453170506322,0.0182318225980108,0.0558763843250377,Spheromak
241225,11,500,530,0.334686824516522,0.0189563704827349,0.0559397339038597,Spheromak
241225,14,500,530,0.183922133913919,0.0105246154387257,0.0566784636086972,Spheromak
241225,15,500,530,0.166711929269802,0.00971536047888221,0.0575035518462954,Spheromak
241225,16,500,530,0.208980152302972,0.0123893359342438,0.0588380406991752,Spheromak
241225,17,500,530,0.107613667931743,0.00565424705244941,0.0566994616674428,Spheromak
241225,18,500,530,0.112351203067707,0.0061682231951776,0.0567986738327854,Spheromak
241225,19,500,530,0.121055773649452,0.00671458330615581,0.0558965679597379,Spheromak
241225,20,500,530,0.0667761939438997,0.00302209642494096,0.0601806979475296,FRC
241225,21,500,530,0.0869764054918874,0.00501403608928576,0.0566440989991856,FRC
241225,22,500,530,0.086182860272447,0.00383778088005234,0.056538899178468,FRC
241225,23,500,530,0.0508865711260823,-0.0020574978572014,0.0605937413515939,FRC
241225,24,500,530,0.0575860330733371,-0.0024605737745625,0.056716006470715,FRC
241225,25,500,530,0.183293934593571,0.0121242827651266,0.0628976690689553,Spheromak
241225,26,500,530,0.133771144476242,0.00888333867956743,0.0630129476351955,Spheromak
241225,28,500,530,0.182375842003269,-0.0102104206380691,0.0535718175034974,Spheromak
241225,29,500,530,0.195484241569544,-0.0116933962295473,0.0598194073945144,Spheromak
241225,30,500,530,0.10235004130601,0.00218359572744344,0.0531223737556373,Spheromak
241225,31,500,530,0.110733455085478,0.00404331486870067,0.0576847277370996,Spheromak
241225,32,500,530,0.239389473849498,0.0118157723246827,0.0532676802713148,Spheromak
241225,33,500,530,0.273628711669352,0.0131706466498008,0.054383992474954,Spheromak
241225,34,500,530,0.277710076007765,0.0149916058827706,0.0568626624683771,Spheromak
241225,36,500,530,0.338576791035367,0.0196963343448258,0.0597187279295467,Spheromak
241225,37,500,530,0.25246749079642,0.016299554334288,0.066242782669164,Spheromak
241225,38,500,530,0.238301290492237,0.0143111433473453,0.0628653920445405,Spheromak
241225,39,500,530,0.0998748985829313,0.0025385182602345,0.0588497383283609,FRC
241225,40,500,530,0.0795188869158738,0.000578348923474422,0.0621088475862858,FRC
241225,41,500,530,0.088687106798047,-0.00573086194833982,0.0617254955176187,FRC
241225,42,500,530,0.120075441853927,-0.00787353249766532,0.0594114660805362,Spheromak
241225,47,500,530,0.503218048761172,0.0289471927448721,0.0572561356428943,Spheromak
241225,48,500,530,0.424256936769233,0.0227241940531579,0.0527476197435848,Spheromak
241225,49,500,530,0.565620332926063,0.0316577721548885,0.0556192312747319,Spheromak
241225,50,500,530,0.337180506396494,0.0164622733296921,0.0490584905859694,Spheromak
241225,51,500,530,0.280881340417504,0.0152363744458505,0.0542803392239609,Spheromak
241225,52,500,530,0.386776822033675,0.0204089718988388,0.0525503033916557,Spheromak
241225,53,500,530,0.147964529566151,0.00751435198522398,0.0512803830768271,Spheromak
241225,54,500,530,0.137803310977409,0.00711225644530568,0.0528237135359087,Spheromak
241225,55,500,530,0.182141505985602,0.00988530311585849,0.054264597363096,Spheromak
241225,56,500,530,0.0947677563789474,-0.00548965034729911,0.0538232279045542,FRC
241225,57,500,530,0.105869947923769,-0.0062160281185971,0.0561526102199207,Spheromak
241225,59,500,530,0.646179497114815,0.0356663229778582,0.054765652801006,Spheromak
241225,60,500,530,0.78926238714412,0.0411884663436093,0.0521011492307433,Spheromak
241225,61,500,530,0.711574914053658,0.0351662646932512,0.0489065320891906,Spheromak
241124,24,500,530,0.116652885288985,0.00716666488305821,0.0598482213490122,Spheromak
241124,25,500,530,0.0939638473396912,0.00565408597403539,0.059512069242334,FRC
241124,26,500,530,0.0764586276017282,0.00412339570786659,0.0569153708316356,FRC
241124,28,500,530,0.148874014390619,0.0090280400799362,0.0595835617175947,Spheromak
241124,29,500,530,0.0427652550120194,-0.00124099849654156,0.0592930132521579,FRC
241124,30,500,530,0.0456684726526949,0.00153039598333059,0.0574065945443103,FRC
241124,32,500,530,0.0180130364179382,-0.000223778751000295,0.057908211419653,FRC
241124,33,500,530,0.151994528387125,0.00917785570385209,0.0578073454972881,Spheromak
241124,34,500,530,0.139610992181124,0.00806923410567639,0.0554160944126676,Spheromak
241124,35,500,530,0.105414868720773,0.0057963778119299,0.0551519327001309,Spheromak
241124,36,500,530,0.133222729555768,0.00764637677793704,0.0561789621886941,Spheromak
241124,38,500,530,0.289828508657799,0.0169004140324533,0.0566596300921076,Spheromak
241124,39,500,530,0.328336922717812,0.0191950146151936,0.0574827479538566,Spheromak
241124,40,500,530,0.30243308619555,0.0172643529137703,0.0554614005656983,Spheromak
241124,41,500,530,0.263562984051572,0.0154984687338596,0.0577836692258119,Spheromak
241124,42,500,530,0.28917445520914,0.0170221455702735,0.0576403039287095,Spheromak
241124,43,500,530,0.184507729043607,0.0102672460463581,0.0564332323284115,Spheromak
241124,44,500,530,0.266024008162652,0.0149141678578504,0.0549246540522958,Spheromak
241124,45,500,530,0.259825890278676,0.0151773240284349,0.0569891644379961,Spheromak
241124,46,500,530,0.304669859483913,0.0179273187437566,0.0577695074705605,Spheromak
241124,47,500,530,0.298331700808508,0.017632759720977,0.0578920154847273,Spheromak
241124,48,500,530,0.295618197884294,0.0173385749977045,0.057144319872144,Spheromak
241124,49,500,530,0.24653066275002,0.0142399257303748,0.0569067772286279,Spheromak
241124,50,500,530,0.279154455859769,0.0157278820118305,0.0552209882304169,Spheromak
241124,51,500,530,0.264692825278978,0.0152878057865915,0.0562801983117849,Spheromak
241124,52,500,530,0.315608244954019,0.0185316256091762,0.0573485389867431,Spheromak
241124,53,500,530,0.326769251205323,0.0189044108970945,0.0567148097483703,Spheromak
241110,18,500,515,0.220887446629622,0.0181737245973199,0.0823880878141076,Spheromak
241110,19,500,515,0.118470555828408,0.0101671537625942,0.0861810387366639,Spheromak
241110,22,500,515,0.261857436220012,0.0208986266044328,0.079675096765109,Spheromak
241110,23,500,515,0.199000002756939,0.0168148308387336,0.084708523328823,Spheromak
241110,24,500,515,0.125464163601882,0.0101740022428269,0.080828573387878,Spheromak
241110,25,500,515,0.0484281166288684,0.000989789839351095,0.0719491876434978,FRC
241110,26,500,515,0.112829419859376,-0.00857953051745739,0.0756423791160469,Spheromak
241110,27,500,515,0.0579231259401386,0.00101370075635298,0.0758794479310962,FRC
241110,28,500,515,0.402221245741519,0.0259454106398354,0.0644197327889157,Spheromak
241110,29,500,515,0.225956168846911,0.0176588248096451,0.0782442929414507,Spheromak
241110,30,500,515,0.0857792746978899,0.00457915327796105,0.0779191029371819,FRC
241110,31,500,515,0.212269578615541,0.0145968728501066,0.0683628486263888,Spheromak
241110,32,500,515,0.389955947626709,0.0273324664780123,0.0701144269253448,Spheromak
241110,33,500,515,0.30525838114119,0.021026719963288,0.0686723940332474,Spheromak
240611,110,500,530,0.21990122849073,0.01084419161226,0.0640595183870991,Spheromak
240611,111,500,530,0.243047823059001,0.0147573208145382,0.0645922592810304,Spheromak
240611,113,500,530,0.223136857246121,0.0134012220963535,0.064831176539245,Spheromak
240611,114,500,530,0.230189884372449,0.0118764812625723,0.0642102337885069,Spheromak
240611,115,500,530,0.243674439044184,0.014844245015007,0.0651971398931054,Spheromak
240611,117,500,530,0.172046187016161,0.00491606818009302,0.0621017917568176,Spheromak
240611,118,500,530,0.111294043443127,0.000551442077136646,0.0658150303204622,Spheromak
240611,119,500,530,0.156990124198644,0.0039619151937223,0.061869416472198,Spheromak
240611,120,500,530,0.0802124674565437,-0.0027233052148586,0.0603114886829754,FRC
240611,121,500,530,0.10799867722967,0.00490809128231112,0.060002478896586,Spheromak
240611,122,500,530,0.211380695336133,-0.0148882143676118,0.0628659339257781,Spheromak
240611,123,500,530,0.0678273930631064,-0.0025478259761898,0.0598464467085458,FRC
240611,124,500,530,0.0372913079456519,-0.000860426862171928,0.0589624152040614,FRC
240611,125,500,530,0.139462351394918,-0.00976832680904267,0.0596560327489709,Spheromak
240611,126,500,530,0.162394628231212,-0.0103964474978045,0.0586668987005234,Spheromak
240611,127,500,530,0.127874223694729,-0.00825367655977013,0.0579439669721844,Spheromak
240611,128,500,530,0.321118249424726,-0.0200125396725117,0.0593242113701895,Spheromak
240611,129,500,530,0.182735753033381,-0.0114688173386907,0.0597413669980336,Spheromak
240611,130,500,530,0.13508925605903,-0.00889052727116273,0.0592023675379942,Spheromak
240611,131,500,530,0.33303424082522,-0.0195872087580759,0.0586983023827195,Spheromak
240611,132,500,530,0.264280287962839,-0.0167356238429466,0.0612362821579953,Spheromak
240611,133,500,530,0.127034302289153,0.0044216124332937,0.0615434368386484,Spheromak
240611,134,500,530,0.15505167592685,0.000516724438708874,0.0614901606920645,Spheromak
240611,135,500,530,0.34380590424144,0.0201710414404743,0.0599752514222634,Spheromak
240611,136,500,530,0.251029888322735,0.0113926874228813,0.0624085866930379,Spheromak
240611,137,500,530,0.149466335518337,-0.0103163194424064,0.0587665336508429,Spheromak
240611,138,500,530,0.107633385213383,-0.00722455184394769,0.0592110295746556,Spheromak
240611,139,500,530,0.21120043102666,-0.0129628772894496,0.0564722803464892,Spheromak
240611,141,500,530,0.124156704372757,0.00740496229420546,0.0643126107250256,Spheromak
250205,2,490,520,0.164653431599499,0.0107650426023042,0.0671653597798326,Spheromak
250205,5,490,520,0.355563707759971,0.0229373951114775,0.0657855831998359,Spheromak
250205,6,490,520,0.378582030715403,0.0240104749540706,0.0644083969747761,Spheromak
250205,7,490,520,0.425938340789654,0.026455580611189,0.0635253248712973,Spheromak
250205,9,490,520,0.234968991321662,0.0146759716998335,0.0633727510940174,Spheromak
250205,15,490,520,0.227624988533532,0.0142231133648076,0.0634255696199178,Spheromak
250205,16,490,520,0.173793648417313,0.0107758538422078,0.0632393497496729,Spheromak
250205,23,490,520,0.453357757338129,0.0292269517432877,0.0660941212627981,Spheromak
250205,24,490,520,0.386354661906415,0.0251530879687596,0.0664837844523098,Spheromak
250205,25,490,520,0.434531561350992,0.027683501543173,0.0649383304622225,Spheromak
250205,26,490,520,0.351853625078909,0.0226610061666858,0.0656526113363771,Spheromak
250205,27,490,520,0.355947116198965,0.0225921337977497,0.06504326385588,Spheromak
250205,28,490,520,0.334317995018343,0.0211023119793138,0.063920399500409,Spheromak
250205,29,490,520,0.381378748922797,0.0243580025892448,0.0655083877143214,Spheromak
250205,30,490,520,0.368738293710301,0.0236295397943766,0.0655996969105717,Spheromak
250205,31,490,520,0.316383552477229,0.0200460361685454,0.0644401722806434,Spheromak
250205,33,490,520,0.349075381275234,0.0214907151878408,0.0638505367018746,Spheromak
250205,34,490,520,0.305885862862073,0.0195600986105798,0.0652796135102865,Spheromak
250205,35,490,520,0.288549935677473,0.018289510942425,0.064993740137594,Spheromak
250205,36,490,520,0.314489567434682,0.0200318093868583,0.0655458013964316,Spheromak
250205,37,490,520,0.305151997724458,0.0188705013441527,0.0633074784639332,Spheromak
250205,38,490,520,0.29866823236629,0.0181895381593376,0.0631723891858911,Spheromak
250205,40,490,520,0.276185019133718,0.0177072189439723,0.0655369075492371,Spheromak
250205,41,490,520,0.274892505631025,0.0172590655597849,0.0645360166306843,Spheromak
250205,42,490,520,0.249952250895313,0.0162458884121672,0.066404234353703,Spheromak
250205,43,490,520,0.266776630261694,0.0166658104254019,0.0639975788333055,Spheromak
250205,44,490,520,0.246655581124722,0.0151165091905252,0.063253350446029,Spheromak
250205,45,490,520,0.271062602649454,0.01733816944795,0.0658876643114628,Spheromak
